epoch,loss,train_loss
0.0,,0.005646993028326748
1.0,,0.005470856545902486
2.0,,0.005366600117231091
3.0,,0.0052852979097115105
4.0,,0.005215829018283044
